Time,Temperature,Dew Point,Humidity,Wind Speed,Pressure,Precipitation
3.0,97.0,77.0,74.0,14.0,28.8,0.0
4.0,88.8,74.5,63.4,8.9,28.8,0.0
5.0,81.0,72.0,47.0,5.0,28.7,0.0
6.0,99.0,79.0,79.0,12.0,28.8,0.0
7.0,91.5,75.8,61.3,6.7,28.8,0.0
8.0,82.0,75.0,47.0,0.0,28.7,0.0
9.0,102.0,81.0,100.0,35.0,28.8,0.0
10.0,91.7,77.0,63.7,11.0,28.8,0.0
11.0,77.0,73.0,45.0,0.0,28.7,0.0
12.0,97.0,77.0,79.0,32.0,28.8,0.0
13.0,88.5,74.3,64.0,13.0,28.7,0.0
14.0,81.0,73.0,47.0,0.0,28.6,0.0
15.0,86.0,79.0,100.0,40.0,28.8,
16.0,76.0,72.9,90.2,15.0,28.8,
17.0,68.0,68.0,70.0,5.0,28.7,
18.0,84.0,75.0,94.0,25.0,28.9,
19.0,79.1,73.0,81.7,12.7,28.8,
20.0,73.0,70.0,70.0,5.0,28.8,
21.0,90.0,79.0,89.0,15.0,28.9,
22.0,84.3,75.2,75.0,9.5,28.9,
23.0,77.0,73.0,66.0,0.0,28.8,
24.0,82.0,77.0,94.0,23.0,28.9,
25.0,78.0,74.7,90.4,11.9,27.1,
26.0,75.0,72.0,83.0,3.0,0.0,
27.0,84.0,77.0,94.0,21.0,28.9,
28.0,79.0,74.1,85.3,11.2,28.8,
29.0,73.0,72.0,74.0,0.0,28.8,
30.0,90.0,75.0,89.0,16.0,28.9,
31.0,83.8,73.4,72.7,9.6,28.8,
,79.0,72.0,58.0,0.0,28.8,
,97.0,77.0,83.0,14.0,28.9,
,87.0,74.5,67.8,7.2,28.2,
,79.0,72.0,50.0,0.0,0.0,
,97.0,79.0,84.0,35.0,28.9,
,87.5,75.5,68.3,9.5,28.8,
,81.0,70.0,53.0,0.0,28.7,
,93.0,77.0,79.0,15.0,28.8,
,86.5,75.1,69.1,9.3,28.8,
,79.0,72.0,56.0,5.0,28.8,
,95.0,79.0,84.0,16.0,28.9,
,89.0,77.1,68.3,10.8,28.8,
,82.0,75.0,56.0,0.0,28.8,
,93.0,82.0,79.0,17.0,28.8,
,88.3,77.7,70.6,7.1,28.8,
,84.0,75.0,63.0,0.0,28.7,
,88.0,81.0,89.0,21.0,28.8,
,84.1,77.7,81.0,10.4,28.8,
,79.0,75.0,70.0,5.0,28.8,
,95.0,81.0,89.0,12.0,28.8,
,88.6,78.1,71.3,6.9,28.8,
,82.0,75.0,59.0,0.0,28.7,
,95.0,81.0,84.0,17.0,28.8,
,89.4,80.1,73.8,10.2,28.8,
,84.0,77.0,63.0,0.0,28.7,
,90.0,81.0,100.0,23.0,28.8,
,84.4,79.8,85.3,11.3,28.8,
,81.0,77.0,75.0,0.0,28.7,
,95.0,81.0,89.0,12.0,28.9,
,88.2,79.8,76.0,5.3,28.8,
,82.0,77.0,63.0,0.0,28.7,
,90.0,81.0,84.0,21.0,28.9,
,86.5,78.9,77.9,9.4,28.8,
,82.0,77.0,70.0,0.0,28.8,
,82.0,79.0,100.0,21.0,29.0,
,79.3,76.0,90.3,12.0,26.6,
,77.0,73.0,83.0,3.0,0.0,
,95.0,79.0,83.0,14.0,29.0,
,86.6,75.8,71.2,8.1,28.9,
,79.0,73.0,56.0,0.0,28.8,
,97.0,82.0,89.0,28.0,28.9,
,87.3,78.2,74.3,7.5,28.9,
,82.0,75.0,60.0,0.0,28.8,
,91.0,79.0,94.0,17.0,28.9,
,85.2,75.9,75.2,7.3,28.9,
,79.0,73.0,62.0,0.0,28.8,
,93.0,82.0,100.0,17.0,28.9,
,86.9,78.9,77.4,8.1,28.9,
,81.0,75.0,59.0,0.0,28.8,
,88.0,79.0,100.0,16.0,28.9,
,82.9,77.1,83.7,7.5,28.9,
,75.0,73.0,70.0,0.0,28.8,
,93.0,79.0,89.0,13.0,28.8,
,86.3,76.7,73.8,7.4,28.8,
,81.0,75.0,59.0,0.0,28.7,
,84.0,79.0,94.0,25.0,28.8,
,80.3,75.2,85.1,8.7,28.8,
,75.0,73.0,79.0,0.0,28.7,
,93.0,77.0,94.0,9.0,28.8,
,85.6,75.5,73.3,3.2,28.8,
,75.0,73.0,56.0,0.0,28.7,
,97.0,79.0,79.0,12.0,28.8,
,90.0,76.0,64.3,5.2,28.7,
,82.0,75.0,50.0,0.0,28.7,
3.0,95.0,84.0,94.0,29.0,28.8,0.0
4.0,86.7,78.7,77.2,6.3,28.7,0.0
5.0,77.0,75.0,59.0,0.0,28.7,0.0
6.0,99.0,81.0,84.0,29.0,28.8,0.0
7.0,88.8,78.2,71.5,6.7,28.7,0.0
8.0,82.0,73.0,53.0,0.0,28.6,0.0
9.0,97.0,79.0,89.0,20.0,28.8,0.0
10.0,88.2,76.9,69.9,5.2,28.7,0.0
11.0,79.0,73.0,56.0,0.0,28.7,0.0
12.0,100.0,79.0,79.0,21.0,28.8,0.0
13.0,91.7,78.4,65.5,8.3,28.8,0.0
14.0,84.0,75.0,50.0,0.0,28.7,0.0
15.0,95.0,81.0,89.0,21.0,28.9,0.0
16.0,86.9,77.5,73.6,7.6,28.8,0.0
17.0,77.0,73.0,59.0,0.0,28.8,0.0
18.0,99.0,81.0,79.0,15.0,28.8,0.0
19.0,90.5,77.8,66.7,7.5,28.7,0.0
20.0,84.0,75.0,53.0,0.0,28.6,0.0
21.0,95.0,81.0,89.0,16.0,28.7,0.0
22.0,88.7,77.6,70.3,7.0,28.7,0.0
23.0,84.0,75.0,56.0,0.0,28.6,0.0
24.0,99.0,79.0,79.0,15.0,28.8,0.0
25.0,91.0,77.1,64.6,8.3,28.7,0.0
26.0,82.0,75.0,50.0,0.0,28.7,0.0
27.0,95.0,81.0,79.0,17.0,28.9,0.0
28.0,89.7,78.3,69.0,6.7,28.8,0.0
29.0,82.0,75.0,56.0,0.0,28.8,0.0
30.0,95.0,81.0,84.0,21.0,28.9,0.0
31.0,88.8,78.7,71.9,8.3,28.9,0.0
,84.0,75.0,59.0,0.0,28.8,
,99.0,79.0,89.0,29.0,28.9,
,87.7,77.2,71.8,7.3,28.3,
,82.0,75.0,53.0,0.0,0.0,
,99.0,79.0,84.0,128.0,28.8,
,90.2,76.7,65.7,12.1,28.8,
,84.0,73.0,49.0,5.0,28.7,
,99.0,77.0,79.0,20.0,28.8,
,91.6,76.3,61.8,10.6,28.7,
,84.0,75.0,50.0,1.0,27.9,
,93.0,81.0,84.0,25.0,28.9,
,88.1,78.3,72.6,12.2,28.8,
,82.0,75.0,66.0,5.0,28.8,
,95.0,79.0,89.0,15.0,28.9,
,87.0,76.2,71.3,6.7,27.7,
,79.0,73.0,56.0,0.0,0.0,
,97.0,79.0,84.0,12.0,28.9,
,89.7,77.4,67.5,4.5,28.9,
,82.0,75.0,53.0,0.0,28.8,
,99.0,79.0,79.0,12.0,28.9,
,91.0,76.8,63.6,6.0,28.9,
,84.0,75.0,50.0,0.0,28.8,
,99.0,81.0,79.0,14.0,28.9,
,91.8,78.3,64.9,5.2,28.9,
,84.0,77.0,50.0,0.0,28.8,
,99.0,81.0,84.0,17.0,28.9,
,89.6,77.4,67.9,4.0,28.3,
,84.0,75.0,53.0,0.0,0.0,
,99.0,81.0,84.0,9.0,28.9,
,89.4,78.3,70.1,4.5,28.9,
,81.0,75.0,53.0,0.0,28.9,
,97.0,81.0,84.0,12.0,28.9,
,90.4,78.5,68.7,5.6,28.9,
,82.0,75.0,53.0,0.0,28.8,
,100.0,81.0,79.0,14.0,28.8,
,93.2,79.6,64.7,7.0,28.8,
,86.0,77.0,53.0,3.0,28.7,
,99.0,79.0,79.0,23.0,28.8,
,91.6,78.0,64.9,10.8,28.7,
,86.0,75.0,50.0,3.0,28.7,
,97.0,79.0,84.0,17.0,28.8,
,88.2,77.3,70.9,9.7,28.7,
,82.0,75.0,50.0,5.0,28.7,
,93.0,79.0,100.0,52.0,28.8,
,86.2,75.8,72.1,10.1,28.7,
,77.0,72.0,55.0,0.0,28.7,
,93.0,79.0,94.0,16.0,28.9,
,84.0,75.1,75.3,6.2,28.8,
,77.0,72.0,63.0,0.0,28.8,
,95.0,75.0,79.0,14.0,28.8,
,87.1,73.2,64.7,6.8,28.8,
,79.0,72.0,49.0,0.0,28.8,
,93.0,75.0,94.0,35.0,28.9,
,83.8,72.4,69.5,9.3,28.8,
,73.0,68.0,52.0,0.0,28.8,
,95.0,75.0,89.0,25.0,28.9,
,85.8,71.1,64.0,7.9,28.9,
,79.0,68.0,41.0,0.0,28.8,
,99.0,75.0,78.0,12.0,29.0,
,88.8,71.2,57.2,5.4,28.9,
,77.0,68.0,37.0,0.0,28.9,
,99.0,75.0,74.0,15.0,29.0,
,90.3,73.2,58.2,5.2,28.9,
,82.0,72.0,44.0,0.0,28.9,
3.0,95.0,82.0,100.0,35.0,28.7,0.0
4.0,88.7,78.4,72.6,8.3,28.6,0.0
5.0,77.0,75.0,56.0,5.0,28.6,0.0
6.0,100.0,82.0,84.0,16.0,28.6,0.0
7.0,92.4,79.4,66.4,9.2,28.6,0.0
8.0,82.0,75.0,53.0,3.0,28.5,0.0
9.0,100.0,81.0,84.0,25.0,28.7,0.0
10.0,91.9,78.8,65.9,14.5,28.6,0.0
11.0,84.0,77.0,53.0,5.0,28.6,0.0
12.0,90.0,79.0,89.0,40.0,28.8,0.0
13.0,85.9,76.8,74.7,13.6,28.8,0.0
14.0,79.0,75.0,66.0,0.0,28.7,0.0
,93.0,82.0,100.0,46.0,28.8,
,85.8,77.0,75.0,11.8,28.6,
,75.0,72.0,63.0,0.0,27.9,
,82.0,75.0,100.0,28.0,28.7,
,78.0,73.2,85.9,12.9,28.7,
,73.0,70.0,74.0,3.0,28.6,
,91.0,79.0,94.0,18.0,28.8,
,85.3,76.7,76.5,8.7,28.7,
,79.0,73.0,63.0,0.0,28.7,
,99.0,79.0,84.0,12.0,28.9,
,90.3,76.6,65.1,5.0,28.8,
,82.0,75.0,50.0,0.0,28.8,
,99.0,79.0,84.0,9.0,28.9,
,91.4,77.3,64.5,4.5,28.9,
,82.0,75.0,47.0,0.0,28.8,
,100.0,84.0,94.0,40.0,28.9,
,88.2,76.7,69.8,8.6,28.9,
,81.0,73.0,50.0,3.0,28.8,
,100.0,81.0,89.0,12.0,28.8,
,90.7,76.8,65.7,6.7,28.7,
,81.0,73.0,44.0,3.0,28.6,
,90.0,82.0,100.0,35.0,28.8,
,79.4,74.9,85.5,14.0,28.7,
,72.0,72.0,70.0,3.0,28.6,
,97.0,73.0,94.0,12.0,28.8,
,85.5,71.7,65.2,5.4,28.7,
,75.0,70.0,41.0,0.0,28.6,
,95.0,77.0,84.0,9.0,28.8,
,86.3,74.1,67.9,2.2,28.7,
,81.0,72.0,52.0,0.0,28.7,
3.0,93.0,64.0,73.0,9.0,29.0,0.0
4.0,81.7,61.1,51.9,2.0,29.0,0.0
5.0,72.0,55.0,30.0,0.0,28.9,0.0
6.0,93.0,66.0,73.0,12.0,29.1,0.0
7.0,82.5,63.7,54.5,2.5,29.0,0.0
8.0,72.0,63.0,36.0,0.0,28.9,0.0
9.0,93.0,66.0,78.0,16.0,29.1,0.0
10.0,82.3,63.5,54.4,4.3,29.0,0.0
11.0,70.0,61.0,34.0,0.0,28.9,0.0
12.0,93.0,68.0,83.0,12.0,29.1,0.0
13.0,82.6,62.8,54.4,2.5,29.0,0.0
14.0,72.0,55.0,28.0,0.0,29.0,0.0
15.0,93.0,68.0,78.0,12.0,29.0,0.0
16.0,83.0,63.2,53.4,2.4,29.0,0.0
17.0,73.0,57.0,31.0,0.0,28.9,0.0
18.0,93.0,68.0,83.0,12.0,29.0,0.0
19.0,81.8,66.0,60.7,3.0,28.9,0.0
20.0,72.0,64.0,38.0,0.0,28.9,0.0
21.0,93.0,70.0,78.0,9.0,29.0,0.0
22.0,83.1,68.3,62.0,4.8,29.0,0.0
23.0,73.0,66.0,41.0,0.0,28.9,0.0
24.0,93.0,72.0,83.0,7.0,29.0,0.0
25.0,84.2,71.1,64.7,2.8,29.0,0.0
26.0,73.0,66.0,49.0,0.0,28.9,0.0
27.0,91.0,79.0,100.0,58.0,29.1,0.0
28.0,82.3,71.9,72.0,10.4,29.0,0.0
29.0,68.0,64.0,49.0,0.0,28.9,0.0
30.0,86.0,66.0,83.0,21.0,29.2,0.0
31.0,76.3,62.9,64.4,8.5,29.1,0.0
,66.0,59.0,45.0,0.0,29.0,
,90.0,64.0,83.0,12.0,29.2,
,78.2,61.7,59.6,4.7,29.1,
,68.0,59.0,36.0,0.0,29.0,
,91.0,64.0,83.0,7.0,29.2,
,79.8,62.3,56.7,1.5,29.1,
,68.0,61.0,36.0,0.0,29.1,
,90.0,68.0,83.0,9.0,29.2,
,79.8,64.8,62.5,3.4,29.1,
,70.0,63.0,43.0,0.0,29.1,
,84.0,68.0,100.0,46.0,29.2,
,74.5,63.6,70.1,12.7,28.6,
,64.0,59.0,45.0,0.0,0.0,
,84.0,66.0,100.0,14.0,29.2,
,72.9,62.0,71.1,3.5,29.1,
,63.0,59.0,45.0,0.0,29.0,
,72.0,64.0,88.0,23.0,29.2,
,68.3,63.4,85.4,7.8,29.1,
,64.0,59.0,78.0,0.0,29.0,
,75.0,63.0,94.0,18.0,29.3,
,66.9,59.7,78.4,10.5,29.3,
,61.0,57.0,57.0,3.0,29.2,
,81.0,59.0,83.0,12.0,29.3,
,70.3,55.6,62.4,5.9,29.3,
,61.0,54.0,42.0,0.0,29.2,
,82.0,61.0,83.0,9.0,29.3,
,72.1,57.1,61.1,2.5,29.2,
,61.0,55.0,42.0,0.0,29.2,
,86.0,63.0,82.0,9.0,29.3,
,73.8,58.4,60.1,1.5,29.2,
,61.0,55.0,42.0,0.0,29.2,
,84.0,66.0,83.0,9.0,29.3,
,73.5,61.0,65.9,1.2,29.3,
,63.0,57.0,45.0,0.0,29.2,
,81.0,68.0,88.0,7.0,29.3,
,73.8,65.0,75.1,1.4,29.3,
,64.0,61.0,61.0,0.0,29.2,
,82.0,64.0,88.0,14.0,29.3,
,73.9,58.8,61.5,5.0,29.2,
,64.0,55.0,42.0,0.0,29.2,
,84.0,63.0,88.0,7.0,29.2,
,74.7,59.7,61.4,1.5,29.2,
,64.0,57.0,40.0,0.0,29.2,
,88.0,63.0,88.0,12.0,29.3,
,75.7,59.8,60.1,2.5,29.2,
,63.0,57.0,35.0,0.0,29.2,
,88.0,63.0,88.0,9.0,29.2,
,75.0,59.8,61.7,1.9,29.2,
,63.0,57.0,35.0,0.0,29.2,
,88.0,64.0,88.0,9.0,29.2,
,76.1,61.3,62.2,1.6,29.2,
,64.0,59.0,38.0,0.0,29.1,
,84.0,66.0,88.0,5.0,29.2,
,75.3,63.3,67.3,0.4,29.2,
,64.0,61.0,51.0,0.0,29.2,
,84.0,68.0,94.0,0.0,29.2,
,74.9,65.6,74.0,0.0,29.2,
,64.0,61.0,55.0,0.0,29.2,
,86.0,68.0,94.0,6.0,29.3,
,75.1,64.3,71.1,0.8,29.2,
,63.0,57.0,45.0,0.0,29.2,
,86.0,70.0,88.0,3.0,29.3,
,74.6,65.5,72.2,0.1,29.3,
,0.0,0.0,0.0,0.0,29.2,
3.0,84.0,68.0,88.0,6.0,29.4,0.0
4.0,75.1,65.3,72.8,1.3,29.3,0.0
5.0,66.0,61.0,54.0,0.0,29.2,0.0
6.0,84.0,70.0,88.0,6.0,29.3,0.0
7.0,75.7,66.3,73.6,1.3,29.2,0.0
8.0,68.0,63.0,58.0,0.0,29.2,0.0
9.0,84.0,66.0,88.0,5.0,29.2,0.0
10.0,74.9,63.7,69.6,0.7,29.1,0.0
11.0,66.0,61.0,45.0,0.0,29.1,0.0
12.0,84.0,64.0,88.0,8.0,29.2,0.0
13.0,74.4,63.1,68.8,1.1,29.2,0.0
14.0,64.0,61.0,48.0,0.0,29.1,0.0
15.0,82.0,64.0,88.0,9.0,29.2,0.0
16.0,73.2,62.3,69.5,1.6,29.2,0.0
17.0,64.0,59.0,51.0,0.0,29.2,0.0
18.0,82.0,64.0,88.0,0.0,29.3,0.0
19.0,72.9,60.0,65.7,0.0,29.2,0.0
20.0,63.0,52.0,45.0,0.0,29.2,0.0
21.0,81.0,64.0,88.0,6.0,29.3,0.0
22.0,72.7,62.1,69.9,0.7,29.2,0.0
23.0,63.0,57.0,54.0,0.0,29.2,0.0
24.0,81.0,66.0,88.0,5.0,29.2,0.0
25.0,72.3,62.3,71.5,0.3,28.6,0.0
26.0,63.0,57.0,51.0,0.0,0.0,0.0
27.0,81.0,64.0,88.0,7.0,29.2,0.0
28.0,71.9,61.8,71.1,1.1,29.2,0.0
29.0,63.0,57.0,54.0,0.0,29.2,0.0
30.0,68.0,63.0,94.0,21.0,29.4,0.0
,63.0,58.3,85.0,10.8,29.3,
,59.0,55.0,73.0,0.0,29.2,
,75.0,57.0,88.0,16.0,29.4,
,65.7,54.1,67.7,5.3,29.3,
,57.0,52.0,44.0,0.0,29.3,
,77.0,57.0,88.0,12.0,29.4,
,67.6,55.4,66.8,2.4,29.3,
,57.0,54.0,44.0,0.0,29.3,
,79.0,61.0,88.0,5.0,29.4,
,68.2,55.6,66.5,0.9,29.3,
,57.0,52.0,39.0,0.0,29.3,
,79.0,63.0,88.0,7.0,29.4,
,68.4,57.6,69.8,1.9,29.3,
,57.0,54.0,47.0,0.0,29.3,
,81.0,57.0,88.0,7.0,29.4,
,68.2,55.2,65.9,0.8,29.3,
,57.0,52.0,39.0,0.0,29.2,
,79.0,57.0,82.0,7.0,29.4,
,67.5,54.8,65.5,0.8,29.3,
,57.0,52.0,42.0,0.0,29.3,
,79.0,57.0,88.0,9.0,29.4,
,68.5,53.8,62.5,2.3,29.3,
,57.0,48.0,34.0,0.0,29.3,
,81.0,57.0,88.0,9.0,29.3,
,68.1,53.0,62.2,1.5,29.3,
,57.0,46.0,30.0,0.0,29.2,
,81.0,59.0,88.0,8.0,29.4,
,67.8,55.0,66.3,1.5,28.7,
,57.0,52.0,42.0,0.0,0.0,
,77.0,57.0,88.0,12.0,29.4,
,65.9,53.5,66.5,1.9,28.7,
,55.0,50.0,41.0,0.0,0.0,
,77.0,54.0,82.0,12.0,29.4,
,64.0,49.7,59.9,2.5,28.1,
,0.0,0.0,0.0,0.0,0.0,
,79.0,54.0,88.0,12.0,29.2,
,65.4,51.6,63.1,2.3,29.2,
,54.0,50.0,36.0,0.0,29.2,
,75.0,57.0,88.0,6.0,29.2,
,63.0,52.9,69.3,0.7,28.6,
,0.0,0.0,0.0,0.0,0.0,
,75.0,57.0,88.0,9.0,29.4,
,64.4,53.7,69.8,2.1,29.3,
,54.0,50.0,47.0,0.0,29.2,
,73.0,54.0,88.0,8.0,29.3,
,63.0,52.2,69.2,1.0,29.3,
,54.0,48.0,44.0,0.0,29.2,
,73.0,55.0,88.0,9.0,29.4,
,63.1,53.1,70.8,1.3,29.3,
,54.0,50.0,47.0,0.0,29.2,
,70.0,55.0,88.0,12.0,29.3,
,62.7,54.3,74.4,2.3,29.3,
,55.0,52.0,60.0,0.0,29.2,
,75.0,61.0,88.0,9.0,29.3,
,64.6,57.0,76.9,1.5,29.2,
,55.0,52.0,57.0,0.0,29.2,
,77.0,59.0,88.0,5.0,29.3,
,67.0,55.8,69.4,1.2,29.2,
,57.0,54.0,44.0,0.0,29.2,
,70.0,61.0,88.0,14.0,29.4,
,63.4,56.6,79.6,6.4,28.7,
,59.0,55.0,68.0,0.0,0.0,
3.0,73.0,55.0,88.0,12.0,29.4,0.0
4.0,62.7,52.0,69.2,3.5,29.3,0.0
5.0,54.0,50.0,44.0,0.0,29.2,0.0
6.0,73.0,54.0,88.0,8.0,29.4,0.0
7.0,64.2,52.1,66.2,1.2,29.3,0.0
8.0,55.0,50.0,44.0,0.0,29.3,0.0
9.0,73.0,57.0,88.0,3.0,29.4,0.0
10.0,63.9,53.1,69.1,0.1,29.3,0.0
11.0,54.0,50.0,50.0,0.0,29.2,0.0
12.0,73.0,55.0,88.0,9.0,29.3,0.0
13.0,63.3,51.7,67.4,1.4,29.3,0.0
14.0,54.0,48.0,43.0,0.0,29.2,0.0
15.0,73.0,55.0,94.0,13.0,29.3,0.0
16.0,61.8,52.9,74.1,0.8,28.7,0.0
17.0,54.0,52.0,47.0,0.0,0.0,0.0
18.0,75.0,52.0,88.0,12.0,29.3,0.0
19.0,62.5,47.9,62.5,3.2,29.3,0.0
20.0,52.0,43.0,33.0,0.0,29.2,0.0
21.0,75.0,52.0,88.0,8.0,29.3,0.0
22.0,62.2,49.1,65.1,2.2,29.2,0.0
23.0,50.0,46.0,38.0,0.0,29.2,0.0
24.0,73.0,52.0,88.0,5.0,29.3,0.0
25.0,61.9,49.1,66.0,1.0,29.2,0.0
26.0,50.0,45.0,36.0,0.0,29.2,0.0
27.0,73.0,54.0,88.0,7.0,29.4,0.0
28.0,61.1,50.3,69.5,1.6,28.7,0.0
29.0,50.0,46.0,38.0,0.0,0.0,0.0
30.0,72.0,52.0,93.0,12.0,29.2,0.0
31.0,59.3,48.0,68.9,2.8,29.2,0.0
,48.0,45.0,41.0,0.0,29.1,
,68.0,54.0,88.0,7.0,29.3,
,58.7,50.3,74.3,1.1,29.2,
,48.0,45.0,56.0,0.0,29.2,
,66.0,54.0,93.0,6.0,29.3,
,57.3,50.0,76.8,1.2,29.2,
,48.0,45.0,63.0,0.0,29.2,
,70.0,52.0,94.0,5.0,29.3,
,58.1,48.6,72.9,0.5,29.3,
,48.0,46.0,43.0,0.0,29.2,
,68.0,54.0,93.0,8.0,29.4,
,55.8,48.3,77.3,1.9,29.3,
,46.0,43.0,52.0,0.0,29.3,
,70.0,50.0,93.0,6.0,29.4,
,55.7,46.3,72.5,0.5,29.3,
,45.0,43.0,46.0,0.0,29.3,
,66.0,48.0,88.0,9.0,29.3,
,56.0,44.4,67.2,2.2,28.7,
,45.0,41.0,40.0,0.0,0.0,
,68.0,48.0,93.0,8.0,29.4,
,55.0,45.4,72.2,2.7,29.3,
,45.0,43.0,43.0,0.0,29.3,
,70.0,50.0,100.0,12.0,29.4,
,55.9,45.6,71.9,2.5,28.1,
,45.0,41.0,38.0,0.0,0.0,
,68.0,48.0,93.0,12.0,29.4,
,56.0,44.6,68.8,2.1,28.1,
,45.0,39.0,37.0,0.0,0.0,
,72.0,46.0,93.0,12.0,29.4,
,57.1,42.5,62.1,2.1,29.3,
,45.0,39.0,31.0,0.0,29.3,
,70.0,50.0,93.0,8.0,29.3,
,56.3,43.8,66.9,1.3,25.8,
,43.0,37.0,31.0,0.0,0.0,
,66.0,48.0,93.0,17.0,29.3,
,54.3,45.0,72.8,2.9,29.3,
,43.0,41.0,46.0,0.0,29.2,
,68.0,54.0,88.0,14.0,29.4,
,56.5,49.4,77.6,2.3,29.4,
,45.0,41.0,56.0,0.0,29.2,
,68.0,54.0,94.0,9.0,29.5,
,56.0,49.1,78.4,1.4,29.4,
,45.0,41.0,52.0,0.0,29.4,
,68.0,55.0,100.0,5.0,29.4,
,55.9,50.9,84.5,0.8,29.3,
,45.0,45.0,60.0,0.0,29.3,
,66.0,54.0,100.0,5.0,29.4,
,52.0,45.5,78.8,0.2,29.3,
,0.0,0.0,0.0,0.0,29.3,
,63.0,57.0,100.0,0.0,29.5,
,52.9,50.9,93.4,0.0,29.4,
,43.0,43.0,77.0,0.0,29.4,
,61.0,54.0,100.0,7.0,29.4,
,51.9,50.0,93.6,2.2,29.3,
,43.0,43.0,77.0,0.0,29.3,
,55.0,50.0,100.0,8.0,29.4,
,49.0,46.7,91.8,2.3,27.5,
,43.0,43.0,82.0,0.0,0.0,
,57.0,50.0,100.0,7.0,29.4,
,50.1,46.1,87.1,1.4,29.3,
,43.0,43.0,72.0,0.0,29.3,
,55.0,48.0,93.0,5.0,29.4,
,49.2,45.0,85.7,0.1,29.3,
,45.0,43.0,72.0,0.0,29.3,
3.0,54.0,48.0,94.0,6.0,29.4,0.0
4.0,49.5,44.9,84.4,1.0,28.7,0.0
5.0,45.0,41.0,72.0,0.0,0.0,0.0
6.0,52.0,48.0,93.0,2.0,29.4,0.0
7.0,48.3,44.5,85.8,0.2,29.3,0.0
8.0,45.0,41.0,81.0,0.0,29.3,0.0
9.0,50.0,45.0,87.0,0.0,29.4,0.0
10.0,46.9,42.4,83.4,0.0,29.3,0.0
11.0,45.0,39.0,76.0,0.0,29.3,0.0
12.0,52.0,48.0,94.0,2.0,29.4,0.0
13.0,47.0,43.2,86.3,0.2,29.3,0.0
14.0,43.0,41.0,76.0,0.0,29.3,0.0
15.0,52.0,45.0,93.0,0.0,29.4,0.0
16.0,46.3,42.0,84.6,0.0,29.3,0.0
17.0,41.0,37.0,76.0,0.0,29.3,0.0
18.0,48.0,46.0,100.0,0.0,29.4,0.0
19.0,46.2,45.1,95.7,0.0,29.4,0.0
20.0,45.0,43.0,87.0,0.0,29.3,0.0
21.0,52.0,46.0,100.0,2.0,29.4,0.0
22.0,46.2,43.5,90.1,0.2,29.4,0.0
23.0,41.0,41.0,76.0,0.0,29.4,0.0
24.0,52.0,43.0,93.0,5.0,29.4,0.0
25.0,45.8,41.1,83.8,0.8,29.4,0.0
26.0,41.0,39.0,67.0,0.0,29.3,0.0
27.0,48.0,45.0,93.0,0.0,29.4,0.0
28.0,45.5,41.8,86.6,0.0,29.4,0.0
29.0,43.0,39.0,81.0,0.0,29.4,0.0
30.0,54.0,45.0,93.0,5.0,29.4,0.0
31.0,46.1,41.3,83.7,0.6,29.4,0.0
,41.0,37.0,67.0,0.0,29.3,
,54.0,46.0,93.0,2.0,29.4,
,47.4,43.0,85.3,0.1,29.3,
,43.0,41.0,76.0,0.0,29.3,
,57.0,45.0,100.0,0.0,29.4,
,47.0,42.9,86.2,0.0,29.3,
,41.0,41.0,59.0,0.0,29.3,
,57.0,45.0,93.0,6.0,29.4,
,47.9,43.4,84.2,0.3,29.3,
,43.0,41.0,59.0,0.0,29.2,
,55.0,45.0,100.0,2.0,29.4,
,46.3,42.3,86.6,0.0,29.3,
,41.0,39.0,63.0,0.0,29.3,
,55.0,45.0,93.0,5.0,29.3,
,46.5,42.2,85.0,0.1,29.3,
,41.0,37.0,67.0,0.0,29.2,
,52.0,45.0,100.0,5.0,29.3,
,46.2,42.0,85.1,0.4,29.2,
,41.0,39.0,71.0,0.0,29.2,
,59.0,52.0,100.0,0.0,29.3,
,47.6,44.0,88.1,0.0,29.2,
,39.0,39.0,59.0,0.0,29.2,
,59.0,48.0,100.0,3.0,29.3,
,48.2,44.2,87.6,0.2,28.7,
,39.0,39.0,59.0,0.0,0.0,
,57.0,48.0,100.0,6.0,29.4,
,47.4,44.8,91.6,1.7,29.3,
,41.0,41.0,63.0,0.0,29.3,
,55.0,45.0,100.0,6.0,29.4,
,46.8,42.4,85.2,0.4,29.3,
,41.0,41.0,58.0,0.0,29.3,
,48.0,45.0,93.0,7.0,29.4,
,45.8,42.4,86.9,1.1,29.3,
,45.0,41.0,81.0,0.0,29.3,
,52.0,45.0,87.0,7.0,29.4,
,46.7,41.4,81.8,1.5,29.3,
,43.0,39.0,67.0,0.0,29.3,
,54.0,41.0,87.0,7.0,29.4,
,47.0,40.0,77.8,2.5,29.3,
,41.0,37.0,62.0,0.0,29.3,
,52.0,45.0,100.0,12.0,29.4,
,45.5,41.6,86.7,0.9,29.3,
,41.0,39.0,71.0,0.0,29.3,
,54.0,45.0,93.0,3.0,29.4,
,46.2,41.7,84.6,0.1,29.4,
,41.0,39.0,67.0,0.0,29.4,
,64.0,45.0,93.0,12.0,29.5,
,51.5,41.9,71.6,3.0,29.4,
,41.0,39.0,45.0,0.0,29.4,
,68.0,48.0,93.0,12.0,29.4,
,57.1,44.9,66.9,3.9,29.3,
,43.0,41.0,40.0,0.0,29.3,
,68.0,50.0,88.0,8.0,29.3,
,58.3,48.1,70.1,2.9,29.3,
,48.0,43.0,52.0,0.0,29.2,
,66.0,52.0,100.0,12.0,29.4,
,56.8,48.5,76.1,2.3,29.3,
,50.0,46.0,49.0,0.0,29.3,
,68.0,50.0,94.0,14.0,29.3,
,56.8,46.1,67.9,4.2,28.7,
,0.0,0.0,0.0,0.0,0.0,
,61.0,54.0,88.0,12.0,29.3,
,56.8,50.8,80.3,5.8,29.2,
,52.0,48.0,77.0,0.0,29.2,
3.0,63.0,52.0,94.0,29.0,29.4,0.0
4.0,55.6,48.5,77.9,8.8,29.2,0.0
5.0,48.0,45.0,63.0,0.0,29.1,0.0
6.0,66.0,50.0,88.0,14.0,29.5,0.0
7.0,55.4,45.7,70.6,6.8,29.4,0.0
8.0,46.0,43.0,52.0,0.0,29.3,0.0
9.0,61.0,52.0,82.0,15.0,29.4,0.0
10.0,56.0,45.3,67.6,8.4,29.3,0.0
11.0,52.0,43.0,55.0,0.0,29.3,0.0
12.0,61.0,50.0,100.0,12.0,29.3,0.0
13.0,54.3,49.5,85.2,5.6,29.3,0.0
14.0,50.0,46.0,68.0,0.0,29.2,0.0
15.0,64.0,52.0,93.0,7.0,29.4,0.0
16.0,54.4,46.9,77.0,1.7,29.3,0.0
17.0,46.0,43.0,56.0,0.0,29.3,0.0
18.0,66.0,50.0,88.0,14.0,29.4,0.0
19.0,56.2,42.9,63.7,4.3,29.4,0.0
20.0,46.0,37.0,37.0,0.0,29.3,0.0
21.0,66.0,45.0,87.0,14.0,29.4,0.0
22.0,55.6,42.3,62.9,5.0,29.4,0.0
23.0,45.0,37.0,37.0,0.0,29.3,0.0
24.0,70.0,45.0,82.0,22.0,29.4,0.0
25.0,58.0,39.9,54.5,9.3,29.3,0.0
26.0,46.0,34.0,28.0,0.0,29.2,0.0
27.0,72.0,46.0,76.0,9.0,29.4,0.0
28.0,58.9,39.2,51.9,3.7,29.3,0.0
29.0,46.0,34.0,27.0,0.0,29.2,0.0
,72.0,50.0,87.0,8.0,29.5,
,59.0,46.5,65.5,1.2,29.4,
,46.0,43.0,41.0,0.0,29.4,
,73.0,50.0,87.0,9.0,29.4,
,60.6,46.3,62.2,1.9,29.4,
,48.0,43.0,35.0,0.0,29.4,
,68.0,50.0,87.0,6.0,29.4,
,58.1,46.0,66.0,0.6,28.2,
,48.0,43.0,43.0,0.0,0.0,
,73.0,64.0,88.0,6.0,29.4,
,58.8,51.9,76.3,0.7,29.3,
,0.0,0.0,0.0,0.0,29.3,
,73.0,52.0,88.0,12.0,29.4,
,62.0,45.4,57.9,3.3,29.3,
,48.0,41.0,33.0,0.0,29.3,
,75.0,50.0,87.0,9.0,29.4,
,62.3,47.2,60.1,1.9,29.3,
,48.0,43.0,36.0,0.0,29.3,
,75.0,54.0,87.0,9.0,29.4,
,63.4,48.1,60.7,1.6,29.4,
,48.0,43.0,31.0,0.0,29.3,
,75.0,52.0,94.0,6.0,29.3,
,63.3,48.1,60.7,1.6,29.2,
,50.0,45.0,34.0,0.0,29.1,
,66.0,54.0,88.0,12.0,29.2,
,60.6,51.1,71.1,5.5,29.1,
,54.0,48.0,56.0,0.0,29.0,
,73.0,59.0,83.0,32.0,29.0,
,64.4,54.2,70.2,17.5,29.0,
,57.0,50.0,53.0,0.0,28.9,
,70.0,57.0,88.0,21.0,29.1,
,62.0,53.4,74.0,6.3,29.1,
,55.0,50.0,60.0,0.0,29.0,
,72.0,52.0,88.0,12.0,29.2,
,61.7,48.5,65.1,4.1,29.1,
,54.0,43.0,35.0,0.0,29.1,
,73.0,50.0,88.0,14.0,29.3,
,61.9,46.4,59.8,6.5,29.2,
,52.0,43.0,33.0,3.0,29.1,
,72.0,46.0,76.0,21.0,29.3,
,61.5,38.2,46.9,6.6,29.2,
,52.0,28.0,20.0,0.0,29.2,
,73.0,46.0,76.0,12.0,29.3,
,61.7,39.5,47.9,4.0,29.3,
,50.0,30.0,20.0,0.0,29.2,
,72.0,46.0,77.0,12.0,29.4,
,61.0,42.9,54.0,3.7,29.4,
,50.0,39.0,31.0,0.0,29.3,
,68.0,50.0,82.0,14.0,29.4,
,59.9,43.1,56.8,5.0,29.3,
,50.0,37.0,33.0,0.0,29.3,
,72.0,50.0,88.0,12.0,29.4,
,60.5,47.0,63.3,5.2,29.3,
,52.0,45.0,41.0,0.0,29.3,
,75.0,50.0,82.0,15.0,29.3,
,62.6,44.1,54.2,5.4,29.3,
,50.0,39.0,27.0,0.0,29.2,
,77.0,52.0,72.0,14.0,29.2,
,64.7,45.6,52.4,5.0,29.2,
,50.0,41.0,28.0,0.0,29.2,
3.0,66.0,55.0,82.0,21.0,29.3,0.0
4.0,61.4,53.0,73.8,10.4,29.2,0.0
5.0,57.0,50.0,60.0,2.0,29.0,0.0
6.0,73.0,63.0,94.0,30.0,29.0,0.0
7.0,63.5,56.7,79.2,17.7,29.0,0.0
8.0,57.0,50.0,60.0,12.0,28.8,0.0
9.0,68.0,50.0,82.0,15.0,29.2,0.0
10.0,58.3,40.9,55.1,8.6,29.1,0.0
11.0,50.0,34.0,28.0,0.0,29.0,0.0
12.0,68.0,45.0,67.0,14.0,29.4,0.0
13.0,57.9,38.3,50.4,4.8,29.3,0.0
14.0,50.0,34.0,28.0,0.0,29.2,0.0
15.0,70.0,46.0,77.0,12.0,29.4,0.0
16.0,59.3,40.4,52.9,4.4,29.3,0.0
17.0,48.0,34.0,27.0,0.0,29.2,0.0
18.0,75.0,43.0,76.0,14.0,29.3,0.0
19.0,61.9,40.7,49.3,4.8,29.2,0.0
20.0,50.0,36.0,25.0,0.0,29.2,0.0
21.0,75.0,50.0,77.0,14.0,29.3,0.0
22.0,64.4,46.3,53.7,6.1,29.2,0.0
23.0,55.0,43.0,34.0,0.0,29.2,0.0
24.0,75.0,52.0,88.0,14.0,29.3,0.0
25.0,64.6,46.2,54.9,5.7,29.3,0.0
26.0,55.0,39.0,27.0,0.0,29.2,0.0
27.0,77.0,50.0,77.0,14.0,29.3,0.0
28.0,65.5,42.6,47.9,6.1,29.2,0.0
29.0,52.0,32.0,19.0,0.0,29.2,0.0
30.0,77.0,50.0,67.0,9.0,29.3,0.0
31.0,67.7,44.0,44.9,2.7,29.2,0.0
,55.0,39.0,26.0,0.0,29.2,
,75.0,59.0,88.0,14.0,29.3,
,65.8,53.1,64.7,2.0,29.3,
,61.0,48.0,41.0,0.0,29.2,
,79.0,55.0,88.0,14.0,29.3,
,67.7,52.7,61.3,4.3,29.2,
,55.0,50.0,36.0,0.0,29.2,
,70.0,55.0,82.0,12.0,29.2,
,63.9,53.2,68.2,4.9,29.1,
,57.0,52.0,53.0,0.0,29.1,
,79.0,54.0,82.0,15.0,29.3,
,67.0,50.3,56.9,8.9,29.3,
,55.0,46.0,39.0,0.0,29.2,
,77.0,50.0,72.0,16.0,29.2,
,64.3,47.8,57.1,9.4,29.2,
,57.0,45.0,34.0,3.0,29.2,
,82.0,57.0,77.0,17.0,29.3,
,71.4,49.7,48.5,5.0,29.2,
,57.0,45.0,30.0,0.0,29.2,
,84.0,55.0,72.0,12.0,29.3,
,71.1,48.4,47.7,4.4,29.2,
,57.0,41.0,22.0,0.0,29.2,
,86.0,55.0,77.0,14.0,29.2,
,72.9,49.4,47.4,4.2,29.2,
,59.0,43.0,22.0,0.0,29.1,
,88.0,55.0,77.0,14.0,29.2,
,73.3,52.4,50.7,2.6,29.2,
,57.0,50.0,29.0,0.0,29.1,
,90.0,55.0,77.0,21.0,29.2,
,75.9,50.4,44.8,5.3,29.2,
,59.0,43.0,21.0,0.0,29.1,
,84.0,63.0,78.0,21.0,29.2,
,73.7,57.6,56.2,8.3,29.1,
,0.0,0.0,0.0,0.0,29.1,
,84.0,64.0,83.0,16.0,29.2,
,72.1,61.4,70.0,7.6,29.1,
,66.0,57.0,40.0,0.0,29.0,
,88.0,63.0,83.0,14.0,29.1,
,77.2,58.0,55.1,7.1,29.1,
,68.0,50.0,29.0,0.0,29.0,
,84.0,63.0,83.0,25.0,29.2,
,74.6,59.5,61.0,7.0,29.1,
,66.0,57.0,40.0,0.0,29.0,
,90.0,59.0,83.0,16.0,29.2,
,77.2,55.9,51.5,5.8,29.1,
,64.0,50.0,27.0,0.0,29.1,
,84.0,61.0,73.0,9.0,29.2,
,77.2,59.5,55.0,2.7,29.1,
,68.0,57.0,42.0,0.0,29.0,
,84.0,66.0,78.0,23.0,29.3,
,75.8,61.6,62.3,10.8,29.2,
,70.0,59.0,45.0,0.0,29.1,
,84.0,63.0,78.0,23.0,29.2,
,74.9,60.8,62.1,10.0,29.1,
,66.0,55.0,45.0,3.0,29.1,
,90.0,63.0,83.0,14.0,29.1,
,78.1,60.3,56.6,6.9,29.1,
,66.0,59.0,38.0,2.0,29.0,
,81.0,66.0,88.0,40.0,29.2,
,73.6,61.8,67.9,13.3,29.1,
,63.0,59.0,51.0,0.0,29.0,
,81.0,59.0,88.0,23.0,29.2,
,70.3,57.5,66.5,11.4,28.6,
,61.0,55.0,45.0,0.0,0.0,
3.0,86.0,63.0,68.0,18.0,29.1,0.0
4.0,74.8,52.1,47.5,9.4,29.1,0.0
5.0,66.0,46.0,25.0,3.0,29.0,0.0
6.0,90.0,59.0,83.0,12.0,29.0,0.0
7.0,77.5,52.2,45.7,6.1,29.0,0.0
8.0,64.0,43.0,20.0,0.0,28.9,0.0
9.0,91.0,57.0,73.0,14.0,29.1,0.0
10.0,78.2,55.2,47.8,5.2,29.0,0.0
11.0,66.0,50.0,26.0,0.0,29.0,0.0
12.0,91.0,59.0,64.0,18.0,29.1,0.0
13.0,79.1,53.5,43.3,8.8,29.1,0.0
14.0,66.0,50.0,24.0,0.0,29.0,0.0
15.0,91.0,55.0,64.0,16.0,29.1,0.0
16.0,80.3,49.1,36.8,9.3,29.0,0.0
17.0,66.0,43.0,18.0,0.0,29.0,0.0
18.0,91.0,57.0,64.0,17.0,29.1,0.0
19.0,80.0,49.0,36.8,6.2,29.0,0.0
20.0,68.0,41.0,18.0,0.0,29.0,0.0
21.0,93.0,55.0,64.0,15.0,29.1,0.0
22.0,81.2,50.8,37.4,4.9,29.0,0.0
23.0,68.0,43.0,17.0,0.0,29.0,0.0
24.0,93.0,55.0,60.0,14.0,29.1,0.0
25.0,81.5,49.9,35.6,3.8,29.1,0.0
26.0,68.0,46.0,20.0,0.0,29.0,0.0
27.0,97.0,57.0,56.0,12.0,29.1,0.0
28.0,83.1,50.4,34.9,3.3,29.1,0.0
29.0,68.0,45.0,17.0,0.0,29.0,0.0
30.0,95.0,64.0,64.0,25.0,29.1,0.0
,83.2,59.0,44.9,5.6,29.1,
,70.0,55.0,32.0,0.0,29.0,
,95.0,57.0,64.0,21.0,29.2,
,80.3,52.6,41.0,13.3,29.1,
,68.0,48.0,20.0,7.0,29.1,
,95.0,57.0,68.0,12.0,29.2,
,81.1,53.9,41.9,7.1,29.1,
,66.0,50.0,23.0,0.0,29.0,
,82.0,63.0,73.0,29.0,29.2,
,76.3,58.0,53.6,11.5,29.1,
,70.0,54.0,37.0,0.0,29.0,
,82.0,63.0,83.0,23.0,29.2,
,73.0,60.5,65.9,10.1,29.2,
,66.0,57.0,45.0,0.0,29.1,
,88.0,75.0,84.0,35.0,29.2,
,75.4,61.7,64.3,8.4,29.1,
,68.0,59.0,40.0,0.0,29.0,
,90.0,63.0,88.0,15.0,29.2,
,75.7,58.8,57.3,9.2,28.5,
,0.0,0.0,0.0,0.0,0.0,
,91.0,59.0,68.0,14.0,29.1,
,80.7,53.4,42.0,6.5,29.0,
,68.0,46.0,21.0,0.0,29.0,
,91.0,63.0,61.0,23.0,29.0,
,81.9,58.1,45.3,7.8,29.0,
,75.0,55.0,29.0,0.0,28.9,
,90.0,66.0,69.0,30.0,28.9,
,79.4,61.8,56.0,14.2,28.3,
,72.0,59.0,36.0,0.0,0.0,
,93.0,63.0,88.0,14.0,29.0,
,79.9,58.9,52.0,8.8,28.9,
,64.0,55.0,30.0,0.0,28.9,
,95.0,63.0,65.0,14.0,29.0,
,82.9,58.4,45.6,7.4,29.0,
,72.0,52.0,24.0,3.0,28.9,
,95.0,64.0,69.0,16.0,29.0,
,83.2,58.7,45.7,8.5,29.0,
,72.0,55.0,26.0,3.0,28.9,
,86.0,64.0,73.0,23.0,29.0,
,76.6,60.8,58.7,9.3,29.0,
,68.0,57.0,43.0,0.0,28.9,
,95.0,63.0,73.0,9.0,29.0,
,82.8,58.1,46.1,2.9,29.0,
,68.0,55.0,26.0,0.0,28.9,
,99.0,61.0,60.0,14.0,29.0,
,86.3,57.7,39.5,3.1,29.0,
,72.0,55.0,24.0,0.0,28.9,
,99.0,66.0,83.0,101.0,29.0,
,84.2,59.9,48.8,10.1,28.9,
,72.0,50.0,19.0,0.0,28.8,
,90.0,66.0,88.0,25.0,29.0,
,77.8,61.4,60.2,12.9,29.0,
,68.0,57.0,33.0,6.0,28.9,
,93.0,63.0,73.0,23.0,29.1,
,81.0,58.1,48.3,10.3,29.0,
,70.0,54.0,28.0,0.0,28.9,
,88.0,64.0,88.0,63.0,29.1,
,73.0,57.4,60.8,18.2,29.0,
,59.0,55.0,33.0,0.0,28.9,
,90.0,55.0,88.0,40.0,29.1,
,70.7,53.6,59.2,13.0,29.0,
,57.0,50.0,27.0,0.0,28.9,
3.0,84.0,57.0,77.0,16.0,29.0,0.0
4.0,72.5,50.3,48.9,7.0,28.9,0.0
5.0,61.0,43.0,25.0,0.0,28.9,0.0
6.0,93.0,57.0,73.0,15.0,29.0,0.0
7.0,79.7,51.5,41.9,5.3,28.9,0.0
8.0,64.0,45.0,19.0,0.0,28.9,0.0
9.0,95.0,55.0,64.0,12.0,29.0,0.0
10.0,82.8,50.7,35.4,4.0,29.0,0.0
11.0,68.0,45.0,19.0,0.0,28.9,0.0
12.0,97.0,59.0,61.0,23.0,29.0,0.0
13.0,86.0,54.6,36.7,11.1,29.0,0.0
14.0,73.0,50.0,22.0,0.0,28.9,0.0
15.0,97.0,59.0,54.0,14.0,28.9,0.0
16.0,87.7,55.5,34.9,7.8,28.9,0.0
17.0,75.0,52.0,22.0,0.0,28.8,0.0
18.0,104.0,61.0,54.0,16.0,28.9,0.0
19.0,91.3,54.4,31.0,4.8,28.9,0.0
20.0,77.0,48.0,16.0,0.0,28.8,0.0
21.0,106.0,63.0,54.0,14.0,29.0,0.0
22.0,93.0,55.1,31.1,4.5,28.9,0.0
23.0,79.0,45.0,13.0,0.0,28.9,0.0
24.0,106.0,63.0,61.0,12.0,29.0,0.0
25.0,92.9,55.4,31.5,3.6,28.9,0.0
26.0,77.0,48.0,14.0,0.0,28.8,0.0
27.0,104.0,68.0,62.0,20.0,28.9,0.0
28.0,91.6,64.8,42.5,8.2,28.9,0.0
29.0,81.0,59.0,27.0,0.0,28.8,0.0
30.0,99.0,68.0,69.0,69.0,29.1,0.0
31.0,88.7,65.5,47.6,16.3,29.0,0.0
,77.0,46.0,34.0,5.0,28.9,
,99.0,64.0,65.0,29.0,29.1,
,85.8,62.7,47.6,8.3,29.0,
,75.0,59.0,27.0,0.0,29.0,
,93.0,72.0,83.0,23.0,29.1,
,84.7,65.8,54.2,10.5,29.1,
,77.0,61.0,34.0,3.0,28.9,
,100.0,63.0,61.0,13.0,29.1,
,88.0,54.0,34.4,7.5,29.1,
,73.0,48.0,17.0,0.0,29.0,
,104.0,59.0,54.0,23.0,29.1,
,90.4,55.7,33.2,8.0,29.0,
,75.0,52.0,18.0,0.0,29.0,
,108.0,66.0,54.0,9.0,29.1,
,94.8,61.0,33.9,1.7,29.0,
,79.0,55.0,22.0,0.0,29.0,
,109.0,64.0,51.0,9.0,29.1,
,96.6,61.8,33.3,3.9,29.0,
,84.0,57.0,19.0,0.0,28.9,
,109.0,63.0,43.0,12.0,29.0,
,97.0,58.8,29.3,4.7,28.9,
,86.0,55.0,17.0,0.0,28.8,
,109.0,63.0,45.0,62.0,28.9,
,97.2,60.1,30.1,10.9,28.9,
,84.0,57.0,19.0,0.0,28.8,
,111.0,63.0,48.0,16.0,28.9,
,97.8,60.6,30.4,5.4,28.8,
,84.0,55.0,18.0,0.0,28.7,
,109.0,64.0,48.0,23.0,28.9,
,98.9,61.5,30.5,4.8,28.8,
,84.0,57.0,18.0,0.0,28.8,
,109.0,63.0,45.0,15.0,28.9,
,98.6,59.0,28.3,7.3,28.8,
,86.0,54.0,18.0,0.0,28.8,
,109.0,63.0,45.0,12.0,28.9,
,95.9,59.1,29.1,3.2,28.2,
,0.0,0.0,0.0,0.0,0.0,
,108.0,75.0,59.0,14.0,28.9,
,96.5,69.2,41.7,5.2,28.8,
,84.0,61.0,33.0,0.0,28.8,
,108.0,72.0,58.0,58.0,28.9,
,94.9,68.8,43.5,12.7,28.8,
,82.0,59.0,28.0,0.0,28.1,
,108.0,66.0,61.0,25.0,28.9,
,94.1,61.6,37.2,8.0,28.8,
,81.0,55.0,19.0,0.0,28.7,
,111.0,64.0,48.0,12.0,28.8,
,98.5,57.9,28.6,5.8,28.1,
,84.0,50.0,13.0,0.0,0.0,
,113.0,66.0,48.0,18.0,28.7,
,99.3,55.9,26.3,7.5,28.6,
,86.0,46.0,11.0,0.0,28.6,
,113.0,61.0,42.0,16.0,28.6,
,99.8,51.0,21.9,5.2,28.6,
,82.0,41.0,9.0,0.0,28.5,
,115.0,59.0,40.0,17.0,28.6,
,100.1,52.7,22.8,5.6,28.6,
,86.0,45.0,10.0,0.0,28.6,
,113.0,59.0,40.0,14.0,28.8,
,99.5,55.5,24.4,5.6,28.7,
,86.0,52.0,13.0,0.0,28.6,
,113.0,64.0,48.0,13.0,28.8,
,98.7,55.2,24.7,6.2,28.8,
,84.0,54.0,14.0,0.0,28.7,
3.0,113.0,61.0,43.0,16.0,28.8,0.0
4.0,98.9,57.9,27.1,5.8,28.8,0.0
5.0,86.0,52.0,13.0,0.0,28.7,0.0
6.0,108.0,63.0,48.0,12.0,28.9,0.0
7.0,96.5,61.6,32.2,4.5,28.8,0.0
8.0,82.0,59.0,23.0,0.0,28.8,0.0
9.0,113.0,66.0,51.0,58.0,29.0,0.0
10.0,96.9,59.3,31.4,15.9,28.8,0.0
11.0,82.0,52.0,15.0,0.0,28.7,0.0
12.0,106.0,66.0,58.0,14.0,28.9,0.0
13.0,94.5,61.6,35.3,6.0,28.8,0.0
14.0,81.0,57.0,23.0,0.0,28.8,0.0
15.0,106.0,66.0,61.0,40.0,29.0,0.0
16.0,92.2,63.2,39.2,12.6,28.8,0.0
17.0,79.0,59.0,24.0,0.0,28.0,0.0
18.0,100.0,66.0,69.0,21.0,29.0,0.0
19.0,88.3,62.5,44.4,9.8,28.9,0.0
20.0,75.0,52.0,23.0,0.0,28.9,0.0
21.0,102.0,66.0,61.0,15.0,28.9,0.0
22.0,90.3,61.4,39.8,8.8,28.9,0.0
23.0,77.0,57.0,25.0,5.0,28.8,0.0
24.0,99.0,66.0,58.0,23.0,28.9,0.0
25.0,90.9,61.1,37.9,9.6,28.9,0.0
26.0,82.0,55.0,25.0,0.0,28.8,0.0
27.0,108.0,63.0,51.0,14.0,28.9,0.0
28.0,95.9,57.7,30.2,5.3,28.8,0.0
29.0,81.0,54.0,17.0,0.0,28.8,0.0
30.0,109.0,61.0,45.0,13.0,28.9,0.0
,97.0,56.9,28.0,5.3,28.2,
,84.0,48.0,14.0,0.0,0.0,
,111.0,59.0,42.0,21.0,28.8,
,98.1,55.6,25.7,6.5,28.8,
,84.0,50.0,14.0,0.0,28.7,
,111.0,64.0,48.0,14.0,28.8,
,99.8,59.3,27.5,6.0,28.8,
,86.0,55.0,18.0,0.0,28.7,
,111.0,64.0,40.0,29.0,28.8,
,98.7,60.0,28.4,9.9,28.8,
,88.0,57.0,18.0,0.0,28.7,
,111.0,63.0,45.0,12.0,28.8,
,98.8,58.6,28.2,4.8,28.7,
,86.0,55.0,16.0,0.0,28.7,
,111.0,66.0,43.0,15.0,28.8,
,99.5,62.8,31.3,7.8,28.7,
,88.0,57.0,18.0,0.0,28.7,
,111.0,72.0,46.0,21.0,28.8,
,100.3,64.6,32.1,9.7,28.7,
,88.0,63.0,21.0,3.0,28.7,
,111.0,72.0,52.0,17.0,28.8,
,100.3,68.1,36.6,9.1,28.7,
,88.0,64.0,24.0,0.0,28.7,
,111.0,72.0,52.0,21.0,28.8,
,100.8,67.6,35.2,8.0,28.7,
,90.0,64.0,22.0,0.0,28.6,
,111.0,75.0,59.0,46.0,28.7,
,99.0,70.7,41.0,11.4,28.6,
,88.0,63.0,27.0,0.0,28.6,
,95.0,73.0,89.0,35.0,28.8,
,85.2,65.8,53.2,15.4,28.7,
,77.0,57.0,36.0,7.0,28.6,
,95.0,72.0,78.0,12.0,28.8,
,86.8,67.5,54.4,6.8,28.8,
,77.0,64.0,36.0,0.0,28.8,
,100.0,73.0,74.0,9.0,28.8,
,92.0,69.9,50.1,5.9,28.8,
,82.0,66.0,35.0,0.0,28.6,
,106.0,72.0,62.0,14.0,28.8,
,95.9,67.0,40.5,5.5,28.8,
,84.0,63.0,26.0,0.0,28.7,
,109.0,72.0,55.0,12.0,28.8,
,98.5,68.3,38.1,4.8,28.7,
,86.0,66.0,27.0,0.0,28.6,
,109.0,75.0,66.0,12.0,28.8,
,97.1,70.7,44.1,8.6,28.7,
,82.0,66.0,26.0,2.0,28.6,
,108.0,77.0,66.0,18.0,28.8,
,98.0,73.2,45.9,9.6,28.7,
,90.0,70.0,30.0,0.0,28.6,
,95.0,79.0,79.0,23.0,28.9,
,89.4,74.1,61.2,14.5,28.8,
,84.0,72.0,49.0,5.0,28.7,
,99.0,77.0,74.0,17.0,28.9,
,91.6,74.8,59.0,10.5,28.8,
,82.0,72.0,47.0,5.0,28.7,
,102.0,81.0,84.0,35.0,28.8,
,92.1,75.9,61.2,10.1,28.7,
,84.0,73.0,42.0,3.0,28.7,
,97.0,79.0,79.0,25.0,28.8,
,87.6,75.2,67.5,10.7,28.7,
,82.0,72.0,49.0,5.0,28.6,
3.0,95.0,82.0,100.0,35.0,28.7,0.0
4.0,88.7,78.4,72.6,8.3,28.6,0.0
5.0,77.0,75.0,56.0,5.0,28.6,0.0
6.0,100.0,82.0,84.0,16.0,28.6,0.0
7.0,92.4,79.4,66.4,9.2,28.6,0.0
8.0,82.0,75.0,53.0,3.0,28.5,0.0
9.0,100.0,81.0,84.0,25.0,28.7,0.0
10.0,91.9,78.8,65.9,14.5,28.6,0.0
11.0,84.0,77.0,53.0,5.0,28.6,0.0
12.0,90.0,79.0,89.0,40.0,28.8,0.0
13.0,85.9,76.8,74.7,13.6,28.8,0.0
14.0,79.0,75.0,66.0,0.0,28.7,0.0
,93.0,82.0,100.0,46.0,28.8,
,85.8,77.0,75.0,11.8,28.6,
,75.0,72.0,63.0,0.0,27.9,
,82.0,75.0,100.0,28.0,28.7,
,78.0,73.2,85.9,12.9,28.7,
,73.0,70.0,74.0,3.0,28.6,
,91.0,79.0,94.0,18.0,28.8,
,85.3,76.7,76.5,8.7,28.7,
,79.0,73.0,63.0,0.0,28.7,
,99.0,79.0,84.0,12.0,28.9,
,90.3,76.6,65.1,5.0,28.8,
,82.0,75.0,50.0,0.0,28.8,
,99.0,79.0,84.0,9.0,28.9,
,91.4,77.3,64.5,4.5,28.9,
,82.0,75.0,47.0,0.0,28.8,
,100.0,84.0,94.0,40.0,28.9,
,88.2,76.7,69.8,8.6,28.9,
,81.0,73.0,50.0,3.0,28.8,
,100.0,81.0,89.0,12.0,28.8,
,90.7,76.8,65.7,6.7,28.7,
,81.0,73.0,44.0,3.0,28.6,
,90.0,82.0,100.0,35.0,28.8,
,79.4,74.9,85.5,14.0,28.7,
,72.0,72.0,70.0,3.0,28.6,
,97.0,73.0,94.0,12.0,28.8,
,85.5,71.7,65.2,5.4,28.7,
,75.0,70.0,41.0,0.0,28.6,
,95.0,77.0,84.0,9.0,28.8,
,86.3,74.1,67.9,2.2,28.7,
,81.0,72.0,52.0,0.0,28.7,
